uuid,title,month,visits
a3dccb64-9b6b-4efe-b9b6-c57d7757a045,Derisking Renewable Energy Investment: Off-Grid Electrification,March 2025,9
a3dccb64-9b6b-4efe-b9b6-c57d7757a045,Derisking Renewable Energy Investment: Off-Grid Electrification,April 2025,11
a3dccb64-9b6b-4efe-b9b6-c57d7757a045,Derisking Renewable Energy Investment: Off-Grid Electrification,May 2025,4
a3dccb64-9b6b-4efe-b9b6-c57d7757a045,Derisking Renewable Energy Investment: Off-Grid Electrification,June 2025,4
a3dccb64-9b6b-4efe-b9b6-c57d7757a045,Derisking Renewable Energy Investment: Off-Grid Electrification,July 2025,1
a3dccb64-9b6b-4efe-b9b6-c57d7757a045,Derisking Renewable Energy Investment: Off-Grid Electrification,August 2025,1
a3dccb64-9b6b-4efe-b9b6-c57d7757a045,Derisking Renewable Energy Investment: Off-Grid Electrification,September 2025,0
be4a672b-c457-418a-9414-fd7db436cc04,Bridging the gap: Fiscal reforms for the low-carbon transition,March 2025,1
be4a672b-c457-418a-9414-fd7db436cc04,Bridging the gap: Fiscal reforms for the low-carbon transition,April 2025,4
be4a672b-c457-418a-9414-fd7db436cc04,Bridging the gap: Fiscal reforms for the low-carbon transition,May 2025,5
be4a672b-c457-418a-9414-fd7db436cc04,Bridging the gap: Fiscal reforms for the low-carbon transition,June 2025,11
be4a672b-c457-418a-9414-fd7db436cc04,Bridging the gap: Fiscal reforms for the low-carbon transition,July 2025,2
be4a672b-c457-418a-9414-fd7db436cc04,Bridging the gap: Fiscal reforms for the low-carbon transition,August 2025,3
be4a672b-c457-418a-9414-fd7db436cc04,Bridging the gap: Fiscal reforms for the low-carbon transition,September 2025,0
09950e78-9172-47e8-84a3-b514a1a2d3ea,Bridging the gap: The role of innovation policy and market creation,March 2025,0
09950e78-9172-47e8-84a3-b514a1a2d3ea,Bridging the gap: The role of innovation policy and market creation,April 2025,4
09950e78-9172-47e8-84a3-b514a1a2d3ea,Bridging the gap: The role of innovation policy and market creation,May 2025,4
09950e78-9172-47e8-84a3-b514a1a2d3ea,Bridging the gap: The role of innovation policy and market creation,June 2025,3
09950e78-9172-47e8-84a3-b514a1a2d3ea,Bridging the gap: The role of innovation policy and market creation,July 2025,0
09950e78-9172-47e8-84a3-b514a1a2d3ea,Bridging the gap: The role of innovation policy and market creation,August 2025,0
09950e78-9172-47e8-84a3-b514a1a2d3ea,Bridging the gap: The role of innovation policy and market creation,September 2025,0
085a6348-992d-4e4e-a2d0-845cf04e4249,A comparative and dynamic analysis of political party positions on energy technologies,March 2025,5
085a6348-992d-4e4e-a2d0-845cf04e4249,A comparative and dynamic analysis of political party positions on energy technologies,April 2025,5
085a6348-992d-4e4e-a2d0-845cf04e4249,A comparative and dynamic analysis of political party positions on energy technologies,May 2025,7
085a6348-992d-4e4e-a2d0-845cf04e4249,A comparative and dynamic analysis of political party positions on energy technologies,June 2025,7
085a6348-992d-4e4e-a2d0-845cf04e4249,A comparative and dynamic analysis of political party positions on energy technologies,July 2025,4
085a6348-992d-4e4e-a2d0-845cf04e4249,A comparative and dynamic analysis of political party positions on energy technologies,August 2025,1
085a6348-992d-4e4e-a2d0-845cf04e4249,A comparative and dynamic analysis of political party positions on energy technologies,September 2025,0
0718a560-4ecf-4b05-8bc8-ef3a1924f585,How do policies mobilize private finance for renewable energy?—A systematic review with an investor perspective,March 2025,3
0718a560-4ecf-4b05-8bc8-ef3a1924f585,How do policies mobilize private finance for renewable energy?—A systematic review with an investor perspective,April 2025,4
0718a560-4ecf-4b05-8bc8-ef3a1924f585,How do policies mobilize private finance for renewable energy?—A systematic review with an investor perspective,May 2025,8
0718a560-4ecf-4b05-8bc8-ef3a1924f585,How do policies mobilize private finance for renewable energy?—A systematic review with an investor perspective,June 2025,7
0718a560-4ecf-4b05-8bc8-ef3a1924f585,How do policies mobilize private finance for renewable energy?—A systematic review with an investor perspective,July 2025,2
0718a560-4ecf-4b05-8bc8-ef3a1924f585,How do policies mobilize private finance for renewable energy?—A systematic review with an investor perspective,August 2025,4
0718a560-4ecf-4b05-8bc8-ef3a1924f585,How do policies mobilize private finance for renewable energy?—A systematic review with an investor perspective,September 2025,0
790d615a-e1d6-46d5-b369-2622409bd0d6,Measuring the temporal dynamics of policy mixes – An empirical analysis of renewable energy policy mixes’ balance and design features in nine countries,March 2025,8
790d615a-e1d6-46d5-b369-2622409bd0d6,Measuring the temporal dynamics of policy mixes – An empirical analysis of renewable energy policy mixes’ balance and design features in nine countries,April 2025,4
790d615a-e1d6-46d5-b369-2622409bd0d6,Measuring the temporal dynamics of policy mixes – An empirical analysis of renewable energy policy mixes’ balance and design features in nine countries,May 2025,4
790d615a-e1d6-46d5-b369-2622409bd0d6,Measuring the temporal dynamics of policy mixes – An empirical analysis of renewable energy policy mixes’ balance and design features in nine countries,June 2025,6
790d615a-e1d6-46d5-b369-2622409bd0d6,Measuring the temporal dynamics of policy mixes – An empirical analysis of renewable energy policy mixes’ balance and design features in nine countries,July 2025,3
790d615a-e1d6-46d5-b369-2622409bd0d6,Measuring the temporal dynamics of policy mixes – An empirical analysis of renewable energy policy mixes’ balance and design features in nine countries,August 2025,1
790d615a-e1d6-46d5-b369-2622409bd0d6,Measuring the temporal dynamics of policy mixes – An empirical analysis of renewable energy policy mixes’ balance and design features in nine countries,September 2025,0
7c359286-701d-4e51-8ba8-93a7e59ca58c,"The innovativeness of national policy portfolios – climate policy change in Austria, Germany, and the UK",March 2025,3
7c359286-701d-4e51-8ba8-93a7e59ca58c,"The innovativeness of national policy portfolios – climate policy change in Austria, Germany, and the UK",April 2025,4
7c359286-701d-4e51-8ba8-93a7e59ca58c,"The innovativeness of national policy portfolios – climate policy change in Austria, Germany, and the UK",May 2025,5
7c359286-701d-4e51-8ba8-93a7e59ca58c,"The innovativeness of national policy portfolios – climate policy change in Austria, Germany, and the UK",June 2025,8
7c359286-701d-4e51-8ba8-93a7e59ca58c,"The innovativeness of national policy portfolios – climate policy change in Austria, Germany, and the UK",July 2025,1
7c359286-701d-4e51-8ba8-93a7e59ca58c,"The innovativeness of national policy portfolios – climate policy change in Austria, Germany, and the UK",August 2025,2
7c359286-701d-4e51-8ba8-93a7e59ca58c,"The innovativeness of national policy portfolios – climate policy change in Austria, Germany, and the UK",September 2025,0
7c837958-b8ea-4977-8ba0-005be6f1914d,Modeling the Low-Carbon Road Transport Transition: Policy Insights and Implications,March 2025,25
7c837958-b8ea-4977-8ba0-005be6f1914d,Modeling the Low-Carbon Road Transport Transition: Policy Insights and Implications,April 2025,33
7c837958-b8ea-4977-8ba0-005be6f1914d,Modeling the Low-Carbon Road Transport Transition: Policy Insights and Implications,May 2025,45
7c837958-b8ea-4977-8ba0-005be6f1914d,Modeling the Low-Carbon Road Transport Transition: Policy Insights and Implications,June 2025,56
7c837958-b8ea-4977-8ba0-005be6f1914d,Modeling the Low-Carbon Road Transport Transition: Policy Insights and Implications,July 2025,8
7c837958-b8ea-4977-8ba0-005be6f1914d,Modeling the Low-Carbon Road Transport Transition: Policy Insights and Implications,August 2025,8
7c837958-b8ea-4977-8ba0-005be6f1914d,Modeling the Low-Carbon Road Transport Transition: Policy Insights and Implications,September 2025,0
7ebe3634-5136-47c1-b900-5c0ba180432b,Renewable energy policy as an enabler of fossil fuel subsidy reform? Applying a socio-technical perspective to the cases of South Africa and Tunisia,March 2025,9
7ebe3634-5136-47c1-b900-5c0ba180432b,Renewable energy policy as an enabler of fossil fuel subsidy reform? Applying a socio-technical perspective to the cases of South Africa and Tunisia,April 2025,10
7ebe3634-5136-47c1-b900-5c0ba180432b,Renewable energy policy as an enabler of fossil fuel subsidy reform? Applying a socio-technical perspective to the cases of South Africa and Tunisia,May 2025,1
7ebe3634-5136-47c1-b900-5c0ba180432b,Renewable energy policy as an enabler of fossil fuel subsidy reform? Applying a socio-technical perspective to the cases of South Africa and Tunisia,June 2025,8
7ebe3634-5136-47c1-b900-5c0ba180432b,Renewable energy policy as an enabler of fossil fuel subsidy reform? Applying a socio-technical perspective to the cases of South Africa and Tunisia,July 2025,7
7ebe3634-5136-47c1-b900-5c0ba180432b,Renewable energy policy as an enabler of fossil fuel subsidy reform? Applying a socio-technical perspective to the cases of South Africa and Tunisia,August 2025,2
7ebe3634-5136-47c1-b900-5c0ba180432b,Renewable energy policy as an enabler of fossil fuel subsidy reform? Applying a socio-technical perspective to the cases of South Africa and Tunisia,September 2025,0
4c361659-2c71-4d69-b471-3d3576b7efb8,Elite vs. mass politics of sustainability transitions,March 2025,4
4c361659-2c71-4d69-b471-3d3576b7efb8,Elite vs. mass politics of sustainability transitions,April 2025,3
4c361659-2c71-4d69-b471-3d3576b7efb8,Elite vs. mass politics of sustainability transitions,May 2025,4
4c361659-2c71-4d69-b471-3d3576b7efb8,Elite vs. mass politics of sustainability transitions,June 2025,4
4c361659-2c71-4d69-b471-3d3576b7efb8,Elite vs. mass politics of sustainability transitions,July 2025,6
4c361659-2c71-4d69-b471-3d3576b7efb8,Elite vs. mass politics of sustainability transitions,August 2025,2
4c361659-2c71-4d69-b471-3d3576b7efb8,Elite vs. mass politics of sustainability transitions,September 2025,2
53b64ec5-9805-4486-9ec6-046521459b97,"The multiple roles of state investment banks in low-carbon energy finance: An analysis of Australia, the UK and Germany",March 2025,3
53b64ec5-9805-4486-9ec6-046521459b97,"The multiple roles of state investment banks in low-carbon energy finance: An analysis of Australia, the UK and Germany",April 2025,6
53b64ec5-9805-4486-9ec6-046521459b97,"The multiple roles of state investment banks in low-carbon energy finance: An analysis of Australia, the UK and Germany",May 2025,7
53b64ec5-9805-4486-9ec6-046521459b97,"The multiple roles of state investment banks in low-carbon energy finance: An analysis of Australia, the UK and Germany",June 2025,11
53b64ec5-9805-4486-9ec6-046521459b97,"The multiple roles of state investment banks in low-carbon energy finance: An analysis of Australia, the UK and Germany",July 2025,8
53b64ec5-9805-4486-9ec6-046521459b97,"The multiple roles of state investment banks in low-carbon energy finance: An analysis of Australia, the UK and Germany",August 2025,4
53b64ec5-9805-4486-9ec6-046521459b97,"The multiple roles of state investment banks in low-carbon energy finance: An analysis of Australia, the UK and Germany",September 2025,0
0e3bf365-f733-41d9-8c1f-5179fd2c2803,Anticipating Industry Localization Effects of Clean-Technology Deployment Policies in Developing Countries,March 2025,1
0e3bf365-f733-41d9-8c1f-5179fd2c2803,Anticipating Industry Localization Effects of Clean-Technology Deployment Policies in Developing Countries,April 2025,2
0e3bf365-f733-41d9-8c1f-5179fd2c2803,Anticipating Industry Localization Effects of Clean-Technology Deployment Policies in Developing Countries,May 2025,0
0e3bf365-f733-41d9-8c1f-5179fd2c2803,Anticipating Industry Localization Effects of Clean-Technology Deployment Policies in Developing Countries,June 2025,1
0e3bf365-f733-41d9-8c1f-5179fd2c2803,Anticipating Industry Localization Effects of Clean-Technology Deployment Policies in Developing Countries,July 2025,0
0e3bf365-f733-41d9-8c1f-5179fd2c2803,Anticipating Industry Localization Effects of Clean-Technology Deployment Policies in Developing Countries,August 2025,0
0e3bf365-f733-41d9-8c1f-5179fd2c2803,Anticipating Industry Localization Effects of Clean-Technology Deployment Policies in Developing Countries,September 2025,0
13d9483d-80d8-4efa-9711-a6980433136b,How do new use environments influence a technology's knowledge trajectory? A patent citation network analysis of lithium-ion battery technology,March 2025,1
13d9483d-80d8-4efa-9711-a6980433136b,How do new use environments influence a technology's knowledge trajectory? A patent citation network analysis of lithium-ion battery technology,April 2025,4
13d9483d-80d8-4efa-9711-a6980433136b,How do new use environments influence a technology's knowledge trajectory? A patent citation network analysis of lithium-ion battery technology,May 2025,5
13d9483d-80d8-4efa-9711-a6980433136b,How do new use environments influence a technology's knowledge trajectory? A patent citation network analysis of lithium-ion battery technology,June 2025,8
13d9483d-80d8-4efa-9711-a6980433136b,How do new use environments influence a technology's knowledge trajectory? A patent citation network analysis of lithium-ion battery technology,July 2025,6
13d9483d-80d8-4efa-9711-a6980433136b,How do new use environments influence a technology's knowledge trajectory? A patent citation network analysis of lithium-ion battery technology,August 2025,9
13d9483d-80d8-4efa-9711-a6980433136b,How do new use environments influence a technology's knowledge trajectory? A patent citation network analysis of lithium-ion battery technology,September 2025,0
a257617c-841a-4644-8493-447ca9a5dffe,"Designing policy for the long term: agency, policy feedback and policy change",March 2025,1
a257617c-841a-4644-8493-447ca9a5dffe,"Designing policy for the long term: agency, policy feedback and policy change",April 2025,3
a257617c-841a-4644-8493-447ca9a5dffe,"Designing policy for the long term: agency, policy feedback and policy change",May 2025,2
a257617c-841a-4644-8493-447ca9a5dffe,"Designing policy for the long term: agency, policy feedback and policy change",June 2025,6
a257617c-841a-4644-8493-447ca9a5dffe,"Designing policy for the long term: agency, policy feedback and policy change",July 2025,2
a257617c-841a-4644-8493-447ca9a5dffe,"Designing policy for the long term: agency, policy feedback and policy change",August 2025,1
a257617c-841a-4644-8493-447ca9a5dffe,"Designing policy for the long term: agency, policy feedback and policy change",September 2025,0
5db466e5-1443-42ba-828d-03020da8ac9f,Renewable Energy Finance by Multilateral Development Banks,March 2025,2
5db466e5-1443-42ba-828d-03020da8ac9f,Renewable Energy Finance by Multilateral Development Banks,April 2025,4
5db466e5-1443-42ba-828d-03020da8ac9f,Renewable Energy Finance by Multilateral Development Banks,May 2025,3
5db466e5-1443-42ba-828d-03020da8ac9f,Renewable Energy Finance by Multilateral Development Banks,June 2025,4
5db466e5-1443-42ba-828d-03020da8ac9f,Renewable Energy Finance by Multilateral Development Banks,July 2025,2
5db466e5-1443-42ba-828d-03020da8ac9f,Renewable Energy Finance by Multilateral Development Banks,August 2025,4
5db466e5-1443-42ba-828d-03020da8ac9f,Renewable Energy Finance by Multilateral Development Banks,September 2025,0
851d6f68-0725-4ef1-bb29-50789fb9d5d5,Towards understanding policy design through text-as-data approaches: The policy design annotations (POLIANNA) dataset,March 2025,5
851d6f68-0725-4ef1-bb29-50789fb9d5d5,Towards understanding policy design through text-as-data approaches: The policy design annotations (POLIANNA) dataset,April 2025,4
851d6f68-0725-4ef1-bb29-50789fb9d5d5,Towards understanding policy design through text-as-data approaches: The policy design annotations (POLIANNA) dataset,May 2025,2
851d6f68-0725-4ef1-bb29-50789fb9d5d5,Towards understanding policy design through text-as-data approaches: The policy design annotations (POLIANNA) dataset,June 2025,7
851d6f68-0725-4ef1-bb29-50789fb9d5d5,Towards understanding policy design through text-as-data approaches: The policy design annotations (POLIANNA) dataset,July 2025,5
851d6f68-0725-4ef1-bb29-50789fb9d5d5,Towards understanding policy design through text-as-data approaches: The policy design annotations (POLIANNA) dataset,August 2025,4
851d6f68-0725-4ef1-bb29-50789fb9d5d5,Towards understanding policy design through text-as-data approaches: The policy design annotations (POLIANNA) dataset,September 2025,0
82556fa8-b2bb-4976-9080-8c6320d4e521,Technology as a driver of climate and energy politics,March 2025,3
82556fa8-b2bb-4976-9080-8c6320d4e521,Technology as a driver of climate and energy politics,April 2025,4
82556fa8-b2bb-4976-9080-8c6320d4e521,Technology as a driver of climate and energy politics,May 2025,6
82556fa8-b2bb-4976-9080-8c6320d4e521,Technology as a driver of climate and energy politics,June 2025,11
82556fa8-b2bb-4976-9080-8c6320d4e521,Technology as a driver of climate and energy politics,July 2025,9
82556fa8-b2bb-4976-9080-8c6320d4e521,Technology as a driver of climate and energy politics,August 2025,3
82556fa8-b2bb-4976-9080-8c6320d4e521,Technology as a driver of climate and energy politics,September 2025,0
581a1cd5-60ee-4915-90e7-22a88bba54b5,The importance of project finance for renewable energy projects,March 2025,8
581a1cd5-60ee-4915-90e7-22a88bba54b5,The importance of project finance for renewable energy projects,April 2025,12
581a1cd5-60ee-4915-90e7-22a88bba54b5,The importance of project finance for renewable energy projects,May 2025,5
581a1cd5-60ee-4915-90e7-22a88bba54b5,The importance of project finance for renewable energy projects,June 2025,13
581a1cd5-60ee-4915-90e7-22a88bba54b5,The importance of project finance for renewable energy projects,July 2025,4
581a1cd5-60ee-4915-90e7-22a88bba54b5,The importance of project finance for renewable energy projects,August 2025,5
581a1cd5-60ee-4915-90e7-22a88bba54b5,The importance of project finance for renewable energy projects,September 2025,0
56dff73e-3ee2-4145-8d4e-4480baa6bde3,"New pathways to paradigm change in public policy: combining insights from policy design, mix and feedback",March 2025,3
56dff73e-3ee2-4145-8d4e-4480baa6bde3,"New pathways to paradigm change in public policy: combining insights from policy design, mix and feedback",April 2025,3
56dff73e-3ee2-4145-8d4e-4480baa6bde3,"New pathways to paradigm change in public policy: combining insights from policy design, mix and feedback",May 2025,8
56dff73e-3ee2-4145-8d4e-4480baa6bde3,"New pathways to paradigm change in public policy: combining insights from policy design, mix and feedback",June 2025,7
56dff73e-3ee2-4145-8d4e-4480baa6bde3,"New pathways to paradigm change in public policy: combining insights from policy design, mix and feedback",July 2025,6
56dff73e-3ee2-4145-8d4e-4480baa6bde3,"New pathways to paradigm change in public policy: combining insights from policy design, mix and feedback",August 2025,2
56dff73e-3ee2-4145-8d4e-4480baa6bde3,"New pathways to paradigm change in public policy: combining insights from policy design, mix and feedback",September 2025,0
fc7584db-74d1-419d-89c4-2754a92bfe93,The Political Economy of Food and Meat System Transformation,March 2025,19
fc7584db-74d1-419d-89c4-2754a92bfe93,The Political Economy of Food and Meat System Transformation,April 2025,22
fc7584db-74d1-419d-89c4-2754a92bfe93,The Political Economy of Food and Meat System Transformation,May 2025,24
fc7584db-74d1-419d-89c4-2754a92bfe93,The Political Economy of Food and Meat System Transformation,June 2025,30
fc7584db-74d1-419d-89c4-2754a92bfe93,The Political Economy of Food and Meat System Transformation,July 2025,12
fc7584db-74d1-419d-89c4-2754a92bfe93,The Political Economy of Food and Meat System Transformation,August 2025,8
fc7584db-74d1-419d-89c4-2754a92bfe93,The Political Economy of Food and Meat System Transformation,September 2025,1
64cfd33c-5f5a-4fb3-be02-1a6628c78ef8,Policy Design for Low-Carbon Development: Case Studies on Technological Change in the Electricity Sector,March 2025,10
64cfd33c-5f5a-4fb3-be02-1a6628c78ef8,Policy Design for Low-Carbon Development: Case Studies on Technological Change in the Electricity Sector,April 2025,14
64cfd33c-5f5a-4fb3-be02-1a6628c78ef8,Policy Design for Low-Carbon Development: Case Studies on Technological Change in the Electricity Sector,May 2025,11
64cfd33c-5f5a-4fb3-be02-1a6628c78ef8,Policy Design for Low-Carbon Development: Case Studies on Technological Change in the Electricity Sector,June 2025,6
64cfd33c-5f5a-4fb3-be02-1a6628c78ef8,Policy Design for Low-Carbon Development: Case Studies on Technological Change in the Electricity Sector,July 2025,4
64cfd33c-5f5a-4fb3-be02-1a6628c78ef8,Policy Design for Low-Carbon Development: Case Studies on Technological Change in the Electricity Sector,August 2025,4
64cfd33c-5f5a-4fb3-be02-1a6628c78ef8,Policy Design for Low-Carbon Development: Case Studies on Technological Change in the Electricity Sector,September 2025,0
b7e2d982-6750-4420-89a4-cd884939a210,Historical and projected improvements in net energy performance of power generation technologies,March 2025,3
b7e2d982-6750-4420-89a4-cd884939a210,Historical and projected improvements in net energy performance of power generation technologies,April 2025,2
b7e2d982-6750-4420-89a4-cd884939a210,Historical and projected improvements in net energy performance of power generation technologies,May 2025,4
b7e2d982-6750-4420-89a4-cd884939a210,Historical and projected improvements in net energy performance of power generation technologies,June 2025,4
b7e2d982-6750-4420-89a4-cd884939a210,Historical and projected improvements in net energy performance of power generation technologies,July 2025,1
b7e2d982-6750-4420-89a4-cd884939a210,Historical and projected improvements in net energy performance of power generation technologies,August 2025,2
b7e2d982-6750-4420-89a4-cd884939a210,Historical and projected improvements in net energy performance of power generation technologies,September 2025,0
c002f747-66ba-4f16-a538-a1363752f15d,Food Systems,March 2025,9
c002f747-66ba-4f16-a538-a1363752f15d,Food Systems,April 2025,3
c002f747-66ba-4f16-a538-a1363752f15d,Food Systems,May 2025,10
c002f747-66ba-4f16-a538-a1363752f15d,Food Systems,June 2025,3
c002f747-66ba-4f16-a538-a1363752f15d,Food Systems,July 2025,5
c002f747-66ba-4f16-a538-a1363752f15d,Food Systems,August 2025,0
c002f747-66ba-4f16-a538-a1363752f15d,Food Systems,September 2025,0
c05af9cb-3801-4ae4-8dc1-4ed3ec6b8239,The politics of phasing out fossil fuels: party positions and voter reactions in Norway,March 2025,21
c05af9cb-3801-4ae4-8dc1-4ed3ec6b8239,The politics of phasing out fossil fuels: party positions and voter reactions in Norway,April 2025,3
c05af9cb-3801-4ae4-8dc1-4ed3ec6b8239,The politics of phasing out fossil fuels: party positions and voter reactions in Norway,May 2025,7
c05af9cb-3801-4ae4-8dc1-4ed3ec6b8239,The politics of phasing out fossil fuels: party positions and voter reactions in Norway,June 2025,11
c05af9cb-3801-4ae4-8dc1-4ed3ec6b8239,The politics of phasing out fossil fuels: party positions and voter reactions in Norway,July 2025,5
c05af9cb-3801-4ae4-8dc1-4ed3ec6b8239,The politics of phasing out fossil fuels: party positions and voter reactions in Norway,August 2025,7
c05af9cb-3801-4ae4-8dc1-4ed3ec6b8239,The politics of phasing out fossil fuels: party positions and voter reactions in Norway,September 2025,0
95d3f29e-a396-41d0-9520-380f711ceeca,Regulatory risk and the resilience of new sustainable business models in the energy sector,March 2025,2
95d3f29e-a396-41d0-9520-380f711ceeca,Regulatory risk and the resilience of new sustainable business models in the energy sector,April 2025,3
95d3f29e-a396-41d0-9520-380f711ceeca,Regulatory risk and the resilience of new sustainable business models in the energy sector,May 2025,6
95d3f29e-a396-41d0-9520-380f711ceeca,Regulatory risk and the resilience of new sustainable business models in the energy sector,June 2025,3
95d3f29e-a396-41d0-9520-380f711ceeca,Regulatory risk and the resilience of new sustainable business models in the energy sector,July 2025,1
95d3f29e-a396-41d0-9520-380f711ceeca,Regulatory risk and the resilience of new sustainable business models in the energy sector,August 2025,2
95d3f29e-a396-41d0-9520-380f711ceeca,Regulatory risk and the resilience of new sustainable business models in the energy sector,September 2025,0
90a2e3df-e208-4405-8138-aa9b71544aa8,Trump ist nicht das Ende,March 2025,3
90a2e3df-e208-4405-8138-aa9b71544aa8,Trump ist nicht das Ende,April 2025,3
90a2e3df-e208-4405-8138-aa9b71544aa8,Trump ist nicht das Ende,May 2025,0
90a2e3df-e208-4405-8138-aa9b71544aa8,Trump ist nicht das Ende,June 2025,4
90a2e3df-e208-4405-8138-aa9b71544aa8,Trump ist nicht das Ende,July 2025,0
90a2e3df-e208-4405-8138-aa9b71544aa8,Trump ist nicht das Ende,August 2025,0
90a2e3df-e208-4405-8138-aa9b71544aa8,Trump ist nicht das Ende,September 2025,0
91c6ee12-5215-4437-bc9b-ea7c9f15d039,Renewable energy investment risk: An investigation of changes over time and the underlying drivers,March 2025,6
91c6ee12-5215-4437-bc9b-ea7c9f15d039,Renewable energy investment risk: An investigation of changes over time and the underlying drivers,April 2025,6
91c6ee12-5215-4437-bc9b-ea7c9f15d039,Renewable energy investment risk: An investigation of changes over time and the underlying drivers,May 2025,11
91c6ee12-5215-4437-bc9b-ea7c9f15d039,Renewable energy investment risk: An investigation of changes over time and the underlying drivers,June 2025,4
91c6ee12-5215-4437-bc9b-ea7c9f15d039,Renewable energy investment risk: An investigation of changes over time and the underlying drivers,July 2025,7
91c6ee12-5215-4437-bc9b-ea7c9f15d039,Renewable energy investment risk: An investigation of changes over time and the underlying drivers,August 2025,1
91c6ee12-5215-4437-bc9b-ea7c9f15d039,Renewable energy investment risk: An investigation of changes over time and the underlying drivers,September 2025,0
c240b3e3-ee04-45d7-aac9-ad0fff3f57ff,Enabling Mini-Grid Development in Rural India,March 2025,0
c240b3e3-ee04-45d7-aac9-ad0fff3f57ff,Enabling Mini-Grid Development in Rural India,April 2025,0
c240b3e3-ee04-45d7-aac9-ad0fff3f57ff,Enabling Mini-Grid Development in Rural India,May 2025,2
c240b3e3-ee04-45d7-aac9-ad0fff3f57ff,Enabling Mini-Grid Development in Rural India,June 2025,5
c240b3e3-ee04-45d7-aac9-ad0fff3f57ff,Enabling Mini-Grid Development in Rural India,July 2025,3
c240b3e3-ee04-45d7-aac9-ad0fff3f57ff,Enabling Mini-Grid Development in Rural India,August 2025,3
c240b3e3-ee04-45d7-aac9-ad0fff3f57ff,Enabling Mini-Grid Development in Rural India,September 2025,0
c821d072-6fc2-4892-864a-66fcfbfc4130,Transfer patterns in Phase I of the EU Emissions Trading System: A first reality check based on cluster analysis,March 2025,0
c821d072-6fc2-4892-864a-66fcfbfc4130,Transfer patterns in Phase I of the EU Emissions Trading System: A first reality check based on cluster analysis,April 2025,1
c821d072-6fc2-4892-864a-66fcfbfc4130,Transfer patterns in Phase I of the EU Emissions Trading System: A first reality check based on cluster analysis,May 2025,4
c821d072-6fc2-4892-864a-66fcfbfc4130,Transfer patterns in Phase I of the EU Emissions Trading System: A first reality check based on cluster analysis,June 2025,1
c821d072-6fc2-4892-864a-66fcfbfc4130,Transfer patterns in Phase I of the EU Emissions Trading System: A first reality check based on cluster analysis,July 2025,1
c821d072-6fc2-4892-864a-66fcfbfc4130,Transfer patterns in Phase I of the EU Emissions Trading System: A first reality check based on cluster analysis,August 2025,2
c821d072-6fc2-4892-864a-66fcfbfc4130,Transfer patterns in Phase I of the EU Emissions Trading System: A first reality check based on cluster analysis,September 2025,0
c6bc3c50-cc48-4495-8e50-8f33ad502424,The role of inter-sectoral learning in knowledge development and diffusion: Case studies on three clean energy technologies,March 2025,1
c6bc3c50-cc48-4495-8e50-8f33ad502424,The role of inter-sectoral learning in knowledge development and diffusion: Case studies on three clean energy technologies,April 2025,4
c6bc3c50-cc48-4495-8e50-8f33ad502424,The role of inter-sectoral learning in knowledge development and diffusion: Case studies on three clean energy technologies,May 2025,4
c6bc3c50-cc48-4495-8e50-8f33ad502424,The role of inter-sectoral learning in knowledge development and diffusion: Case studies on three clean energy technologies,June 2025,7
c6bc3c50-cc48-4495-8e50-8f33ad502424,The role of inter-sectoral learning in knowledge development and diffusion: Case studies on three clean energy technologies,July 2025,6
c6bc3c50-cc48-4495-8e50-8f33ad502424,The role of inter-sectoral learning in knowledge development and diffusion: Case studies on three clean energy technologies,August 2025,3
c6bc3c50-cc48-4495-8e50-8f33ad502424,The role of inter-sectoral learning in knowledge development and diffusion: Case studies on three clean energy technologies,September 2025,0
cccade0e-3d87-4b8d-b45b-93a8383618b9,Fostering grid-connected solar energy in emerging markets: The role of learning spillovers,March 2025,2
cccade0e-3d87-4b8d-b45b-93a8383618b9,Fostering grid-connected solar energy in emerging markets: The role of learning spillovers,April 2025,1
cccade0e-3d87-4b8d-b45b-93a8383618b9,Fostering grid-connected solar energy in emerging markets: The role of learning spillovers,May 2025,0
cccade0e-3d87-4b8d-b45b-93a8383618b9,Fostering grid-connected solar energy in emerging markets: The role of learning spillovers,June 2025,1
cccade0e-3d87-4b8d-b45b-93a8383618b9,Fostering grid-connected solar energy in emerging markets: The role of learning spillovers,July 2025,2
cccade0e-3d87-4b8d-b45b-93a8383618b9,Fostering grid-connected solar energy in emerging markets: The role of learning spillovers,August 2025,1
cccade0e-3d87-4b8d-b45b-93a8383618b9,Fostering grid-connected solar energy in emerging markets: The role of learning spillovers,September 2025,0
f3a48d49-dc97-4a9c-ae70-9385881a3e73,Cost of Capital for Renewable Energy: The Role of Industry Experience and Future Potentials,March 2025,9
f3a48d49-dc97-4a9c-ae70-9385881a3e73,Cost of Capital for Renewable Energy: The Role of Industry Experience and Future Potentials,April 2025,5
f3a48d49-dc97-4a9c-ae70-9385881a3e73,Cost of Capital for Renewable Energy: The Role of Industry Experience and Future Potentials,May 2025,1
f3a48d49-dc97-4a9c-ae70-9385881a3e73,Cost of Capital for Renewable Energy: The Role of Industry Experience and Future Potentials,June 2025,4
f3a48d49-dc97-4a9c-ae70-9385881a3e73,Cost of Capital for Renewable Energy: The Role of Industry Experience and Future Potentials,July 2025,2
f3a48d49-dc97-4a9c-ae70-9385881a3e73,Cost of Capital for Renewable Energy: The Role of Industry Experience and Future Potentials,August 2025,3
f3a48d49-dc97-4a9c-ae70-9385881a3e73,Cost of Capital for Renewable Energy: The Role of Industry Experience and Future Potentials,September 2025,0
f3290316-133d-474d-8c5f-bbdff3d95256,How can NAMAs attract private sector low-carbon investment?,March 2025,1
f3290316-133d-474d-8c5f-bbdff3d95256,How can NAMAs attract private sector low-carbon investment?,April 2025,2
f3290316-133d-474d-8c5f-bbdff3d95256,How can NAMAs attract private sector low-carbon investment?,May 2025,0
f3290316-133d-474d-8c5f-bbdff3d95256,How can NAMAs attract private sector low-carbon investment?,June 2025,3
f3290316-133d-474d-8c5f-bbdff3d95256,How can NAMAs attract private sector low-carbon investment?,July 2025,0
f3290316-133d-474d-8c5f-bbdff3d95256,How can NAMAs attract private sector low-carbon investment?,August 2025,0
f3290316-133d-474d-8c5f-bbdff3d95256,How can NAMAs attract private sector low-carbon investment?,September 2025,0
f29c6e3a-f575-4c1e-b090-8134fa7ac4f6,The politics of technological change - case studies from the energy sector,March 2025,24
f29c6e3a-f575-4c1e-b090-8134fa7ac4f6,The politics of technological change - case studies from the energy sector,April 2025,28
f29c6e3a-f575-4c1e-b090-8134fa7ac4f6,The politics of technological change - case studies from the energy sector,May 2025,30
f29c6e3a-f575-4c1e-b090-8134fa7ac4f6,The politics of technological change - case studies from the energy sector,June 2025,28
f29c6e3a-f575-4c1e-b090-8134fa7ac4f6,The politics of technological change - case studies from the energy sector,July 2025,17
f29c6e3a-f575-4c1e-b090-8134fa7ac4f6,The politics of technological change - case studies from the energy sector,August 2025,7
f29c6e3a-f575-4c1e-b090-8134fa7ac4f6,The politics of technological change - case studies from the energy sector,September 2025,4
c7ca4169-b455-43c7-8aa7-a52298caf866,A quantitative assessment of 10 multilateral development banks’ investment in different power generation technologies from 2006 to 2015,March 2025,7
c7ca4169-b455-43c7-8aa7-a52298caf866,A quantitative assessment of 10 multilateral development banks’ investment in different power generation technologies from 2006 to 2015,April 2025,5
c7ca4169-b455-43c7-8aa7-a52298caf866,A quantitative assessment of 10 multilateral development banks’ investment in different power generation technologies from 2006 to 2015,May 2025,7
c7ca4169-b455-43c7-8aa7-a52298caf866,A quantitative assessment of 10 multilateral development banks’ investment in different power generation technologies from 2006 to 2015,June 2025,6
c7ca4169-b455-43c7-8aa7-a52298caf866,A quantitative assessment of 10 multilateral development banks’ investment in different power generation technologies from 2006 to 2015,July 2025,0
c7ca4169-b455-43c7-8aa7-a52298caf866,A quantitative assessment of 10 multilateral development banks’ investment in different power generation technologies from 2006 to 2015,August 2025,2
c7ca4169-b455-43c7-8aa7-a52298caf866,A quantitative assessment of 10 multilateral development banks’ investment in different power generation technologies from 2006 to 2015,September 2025,0
00bbec34-4908-417e-93b9-138cf509a356,The Role of Public Banks in Catalyzing Private Renewable Energy Finance,March 2025,4
00bbec34-4908-417e-93b9-138cf509a356,The Role of Public Banks in Catalyzing Private Renewable Energy Finance,April 2025,6
00bbec34-4908-417e-93b9-138cf509a356,The Role of Public Banks in Catalyzing Private Renewable Energy Finance,May 2025,3
00bbec34-4908-417e-93b9-138cf509a356,The Role of Public Banks in Catalyzing Private Renewable Energy Finance,June 2025,8
00bbec34-4908-417e-93b9-138cf509a356,The Role of Public Banks in Catalyzing Private Renewable Energy Finance,July 2025,2
00bbec34-4908-417e-93b9-138cf509a356,The Role of Public Banks in Catalyzing Private Renewable Energy Finance,August 2025,7
00bbec34-4908-417e-93b9-138cf509a356,The Role of Public Banks in Catalyzing Private Renewable Energy Finance,September 2025,0
b37f3261-615a-486c-9a44-eeae8030d676,"The Role of Technology, Finance, and Policy in Enabling Electricity Access in Sub-Saharan Africa",March 2025,23
b37f3261-615a-486c-9a44-eeae8030d676,"The Role of Technology, Finance, and Policy in Enabling Electricity Access in Sub-Saharan Africa",April 2025,17
b37f3261-615a-486c-9a44-eeae8030d676,"The Role of Technology, Finance, and Policy in Enabling Electricity Access in Sub-Saharan Africa",May 2025,17
b37f3261-615a-486c-9a44-eeae8030d676,"The Role of Technology, Finance, and Policy in Enabling Electricity Access in Sub-Saharan Africa",June 2025,12
b37f3261-615a-486c-9a44-eeae8030d676,"The Role of Technology, Finance, and Policy in Enabling Electricity Access in Sub-Saharan Africa",July 2025,9
b37f3261-615a-486c-9a44-eeae8030d676,"The Role of Technology, Finance, and Policy in Enabling Electricity Access in Sub-Saharan Africa",August 2025,3
b37f3261-615a-486c-9a44-eeae8030d676,"The Role of Technology, Finance, and Policy in Enabling Electricity Access in Sub-Saharan Africa",September 2025,4
e2adba05-78df-4120-8f24-c0dcc40a3564,Devil in the Detail: The Design of Deployment Policies for Low-Carbon Technologies,March 2025,11
e2adba05-78df-4120-8f24-c0dcc40a3564,Devil in the Detail: The Design of Deployment Policies for Low-Carbon Technologies,April 2025,11
e2adba05-78df-4120-8f24-c0dcc40a3564,Devil in the Detail: The Design of Deployment Policies for Low-Carbon Technologies,May 2025,11
e2adba05-78df-4120-8f24-c0dcc40a3564,Devil in the Detail: The Design of Deployment Policies for Low-Carbon Technologies,June 2025,8
e2adba05-78df-4120-8f24-c0dcc40a3564,Devil in the Detail: The Design of Deployment Policies for Low-Carbon Technologies,July 2025,5
e2adba05-78df-4120-8f24-c0dcc40a3564,Devil in the Detail: The Design of Deployment Policies for Low-Carbon Technologies,August 2025,3
e2adba05-78df-4120-8f24-c0dcc40a3564,Devil in the Detail: The Design of Deployment Policies for Low-Carbon Technologies,September 2025,0
e3651e1d-ed66-4b31-95a3-567b56bcffa3,Will private-sector finance support off-grid energy?,March 2025,2
e3651e1d-ed66-4b31-95a3-567b56bcffa3,Will private-sector finance support off-grid energy?,April 2025,3
e3651e1d-ed66-4b31-95a3-567b56bcffa3,Will private-sector finance support off-grid energy?,May 2025,1
e3651e1d-ed66-4b31-95a3-567b56bcffa3,Will private-sector finance support off-grid energy?,June 2025,6
e3651e1d-ed66-4b31-95a3-567b56bcffa3,Will private-sector finance support off-grid energy?,July 2025,3
e3651e1d-ed66-4b31-95a3-567b56bcffa3,Will private-sector finance support off-grid energy?,August 2025,2
e3651e1d-ed66-4b31-95a3-567b56bcffa3,Will private-sector finance support off-grid energy?,September 2025,0
e2df759d-5a52-4ed7-be8a-7b26d4deb4a0,Explaining Advocacy Coalition Change with Policy Feedback,March 2025,1
e2df759d-5a52-4ed7-be8a-7b26d4deb4a0,Explaining Advocacy Coalition Change with Policy Feedback,April 2025,4
e2df759d-5a52-4ed7-be8a-7b26d4deb4a0,Explaining Advocacy Coalition Change with Policy Feedback,May 2025,2
e2df759d-5a52-4ed7-be8a-7b26d4deb4a0,Explaining Advocacy Coalition Change with Policy Feedback,June 2025,4
e2df759d-5a52-4ed7-be8a-7b26d4deb4a0,Explaining Advocacy Coalition Change with Policy Feedback,July 2025,4
e2df759d-5a52-4ed7-be8a-7b26d4deb4a0,Explaining Advocacy Coalition Change with Policy Feedback,August 2025,2
e2df759d-5a52-4ed7-be8a-7b26d4deb4a0,Explaining Advocacy Coalition Change with Policy Feedback,September 2025,0
e37d5d91-b56b-43ac-84ad-760a489ecd4f,A quantitative analysis of 10 multilateral development banks’ investment in conventional and renewable power-generation technologies from 2006 to 2015,March 2025,3
e37d5d91-b56b-43ac-84ad-760a489ecd4f,A quantitative analysis of 10 multilateral development banks’ investment in conventional and renewable power-generation technologies from 2006 to 2015,April 2025,3
e37d5d91-b56b-43ac-84ad-760a489ecd4f,A quantitative analysis of 10 multilateral development banks’ investment in conventional and renewable power-generation technologies from 2006 to 2015,May 2025,12
e37d5d91-b56b-43ac-84ad-760a489ecd4f,A quantitative analysis of 10 multilateral development banks’ investment in conventional and renewable power-generation technologies from 2006 to 2015,June 2025,6
e37d5d91-b56b-43ac-84ad-760a489ecd4f,A quantitative analysis of 10 multilateral development banks’ investment in conventional and renewable power-generation technologies from 2006 to 2015,July 2025,1
e37d5d91-b56b-43ac-84ad-760a489ecd4f,A quantitative analysis of 10 multilateral development banks’ investment in conventional and renewable power-generation technologies from 2006 to 2015,August 2025,5
e37d5d91-b56b-43ac-84ad-760a489ecd4f,A quantitative analysis of 10 multilateral development banks’ investment in conventional and renewable power-generation technologies from 2006 to 2015,September 2025,0
ddd6cd8a-7eb6-49c7-9c8b-a842297aea87,Toward a Comparative Measure of Climate Policy Output,March 2025,2
ddd6cd8a-7eb6-49c7-9c8b-a842297aea87,Toward a Comparative Measure of Climate Policy Output,April 2025,8
ddd6cd8a-7eb6-49c7-9c8b-a842297aea87,Toward a Comparative Measure of Climate Policy Output,May 2025,3
ddd6cd8a-7eb6-49c7-9c8b-a842297aea87,Toward a Comparative Measure of Climate Policy Output,June 2025,8
ddd6cd8a-7eb6-49c7-9c8b-a842297aea87,Toward a Comparative Measure of Climate Policy Output,July 2025,2
ddd6cd8a-7eb6-49c7-9c8b-a842297aea87,Toward a Comparative Measure of Climate Policy Output,August 2025,1
ddd6cd8a-7eb6-49c7-9c8b-a842297aea87,Toward a Comparative Measure of Climate Policy Output,September 2025,0
faed28d6-3707-4dd3-a275-1885ecf94916,The role of public investment & development banks in enabling or constraining new power generation technologies,March 2025,0
faed28d6-3707-4dd3-a275-1885ecf94916,The role of public investment & development banks in enabling or constraining new power generation technologies,April 2025,0
faed28d6-3707-4dd3-a275-1885ecf94916,The role of public investment & development banks in enabling or constraining new power generation technologies,May 2025,3
faed28d6-3707-4dd3-a275-1885ecf94916,The role of public investment & development banks in enabling or constraining new power generation technologies,June 2025,7
faed28d6-3707-4dd3-a275-1885ecf94916,The role of public investment & development banks in enabling or constraining new power generation technologies,July 2025,0
faed28d6-3707-4dd3-a275-1885ecf94916,The role of public investment & development banks in enabling or constraining new power generation technologies,August 2025,0
faed28d6-3707-4dd3-a275-1885ecf94916,The role of public investment & development banks in enabling or constraining new power generation technologies,September 2025,0
f891127a-1161-4214-bdff-137c841244dd,The Role of Batteries in the Energy Transition: Insights from a Combined Engineering and Public Policy Perspective,March 2025,12
f891127a-1161-4214-bdff-137c841244dd,The Role of Batteries in the Energy Transition: Insights from a Combined Engineering and Public Policy Perspective,April 2025,10
f891127a-1161-4214-bdff-137c841244dd,The Role of Batteries in the Energy Transition: Insights from a Combined Engineering and Public Policy Perspective,May 2025,10
f891127a-1161-4214-bdff-137c841244dd,The Role of Batteries in the Energy Transition: Insights from a Combined Engineering and Public Policy Perspective,June 2025,28
f891127a-1161-4214-bdff-137c841244dd,The Role of Batteries in the Energy Transition: Insights from a Combined Engineering and Public Policy Perspective,July 2025,8
f891127a-1161-4214-bdff-137c841244dd,The Role of Batteries in the Energy Transition: Insights from a Combined Engineering and Public Policy Perspective,August 2025,3
f891127a-1161-4214-bdff-137c841244dd,The Role of Batteries in the Energy Transition: Insights from a Combined Engineering and Public Policy Perspective,September 2025,0
f7fb00de-8b59-4bd5-9051-737b1688c39c,Backlash to fossil fuel phase-outs: the case of coal mining in US presidential elections,March 2025,8
f7fb00de-8b59-4bd5-9051-737b1688c39c,Backlash to fossil fuel phase-outs: the case of coal mining in US presidential elections,April 2025,3
f7fb00de-8b59-4bd5-9051-737b1688c39c,Backlash to fossil fuel phase-outs: the case of coal mining in US presidential elections,May 2025,6
f7fb00de-8b59-4bd5-9051-737b1688c39c,Backlash to fossil fuel phase-outs: the case of coal mining in US presidential elections,June 2025,4
f7fb00de-8b59-4bd5-9051-737b1688c39c,Backlash to fossil fuel phase-outs: the case of coal mining in US presidential elections,July 2025,4
f7fb00de-8b59-4bd5-9051-737b1688c39c,Backlash to fossil fuel phase-outs: the case of coal mining in US presidential elections,August 2025,8
f7fb00de-8b59-4bd5-9051-737b1688c39c,Backlash to fossil fuel phase-outs: the case of coal mining in US presidential elections,September 2025,0
cfb8076d-c48b-41c4-985b-74ede21b4df1,Quantifying climate finance needs in the nationally determined contributions of developing countries,March 2025,31
cfb8076d-c48b-41c4-985b-74ede21b4df1,Quantifying climate finance needs in the nationally determined contributions of developing countries,April 2025,7
cfb8076d-c48b-41c4-985b-74ede21b4df1,Quantifying climate finance needs in the nationally determined contributions of developing countries,May 2025,7
cfb8076d-c48b-41c4-985b-74ede21b4df1,Quantifying climate finance needs in the nationally determined contributions of developing countries,June 2025,9
cfb8076d-c48b-41c4-985b-74ede21b4df1,Quantifying climate finance needs in the nationally determined contributions of developing countries,July 2025,8
cfb8076d-c48b-41c4-985b-74ede21b4df1,Quantifying climate finance needs in the nationally determined contributions of developing countries,August 2025,7
cfb8076d-c48b-41c4-985b-74ede21b4df1,Quantifying climate finance needs in the nationally determined contributions of developing countries,September 2025,2
40f1a987-4e03-499f-a26e-d5807c7acec3,Learning in geothermal power and heat generation – A German case study,March 2025,0
40f1a987-4e03-499f-a26e-d5807c7acec3,Learning in geothermal power and heat generation – A German case study,April 2025,0
40f1a987-4e03-499f-a26e-d5807c7acec3,Learning in geothermal power and heat generation – A German case study,May 2025,3
40f1a987-4e03-499f-a26e-d5807c7acec3,Learning in geothermal power and heat generation – A German case study,June 2025,11
40f1a987-4e03-499f-a26e-d5807c7acec3,Learning in geothermal power and heat generation – A German case study,July 2025,7
40f1a987-4e03-499f-a26e-d5807c7acec3,Learning in geothermal power and heat generation – A German case study,August 2025,3
40f1a987-4e03-499f-a26e-d5807c7acec3,Learning in geothermal power and heat generation – A German case study,September 2025,1
2dc37b74-0a13-4775-89ad-2589fc9cbd58,Promoting technological diversity: How renewable energy auction designs influence policy outcomes,March 2025,2
2dc37b74-0a13-4775-89ad-2589fc9cbd58,Promoting technological diversity: How renewable energy auction designs influence policy outcomes,April 2025,3
2dc37b74-0a13-4775-89ad-2589fc9cbd58,Promoting technological diversity: How renewable energy auction designs influence policy outcomes,May 2025,1
2dc37b74-0a13-4775-89ad-2589fc9cbd58,Promoting technological diversity: How renewable energy auction designs influence policy outcomes,June 2025,3
2dc37b74-0a13-4775-89ad-2589fc9cbd58,Promoting technological diversity: How renewable energy auction designs influence policy outcomes,July 2025,1
2dc37b74-0a13-4775-89ad-2589fc9cbd58,Promoting technological diversity: How renewable energy auction designs influence policy outcomes,August 2025,1
2dc37b74-0a13-4775-89ad-2589fc9cbd58,Promoting technological diversity: How renewable energy auction designs influence policy outcomes,September 2025,0
2f458916-c795-474f-b3fc-9a7ef75b9ed3,The role of finance in mitigating climate change: Insights for public policy,March 2025,31
2f458916-c795-474f-b3fc-9a7ef75b9ed3,The role of finance in mitigating climate change: Insights for public policy,April 2025,50
2f458916-c795-474f-b3fc-9a7ef75b9ed3,The role of finance in mitigating climate change: Insights for public policy,May 2025,73
2f458916-c795-474f-b3fc-9a7ef75b9ed3,The role of finance in mitigating climate change: Insights for public policy,June 2025,39
2f458916-c795-474f-b3fc-9a7ef75b9ed3,The role of finance in mitigating climate change: Insights for public policy,July 2025,53
2f458916-c795-474f-b3fc-9a7ef75b9ed3,The role of finance in mitigating climate change: Insights for public policy,August 2025,17
2f458916-c795-474f-b3fc-9a7ef75b9ed3,The role of finance in mitigating climate change: Insights for public policy,September 2025,8
8d778df5-9aa6-46fe-9923-7c59957c0417,The role of policy in steering technological change for low-carbon development: Case studies from the energy sector,March 2025,13
8d778df5-9aa6-46fe-9923-7c59957c0417,The role of policy in steering technological change for low-carbon development: Case studies from the energy sector,April 2025,8
8d778df5-9aa6-46fe-9923-7c59957c0417,The role of policy in steering technological change for low-carbon development: Case studies from the energy sector,May 2025,9
8d778df5-9aa6-46fe-9923-7c59957c0417,The role of policy in steering technological change for low-carbon development: Case studies from the energy sector,June 2025,8
8d778df5-9aa6-46fe-9923-7c59957c0417,The role of policy in steering technological change for low-carbon development: Case studies from the energy sector,July 2025,5
8d778df5-9aa6-46fe-9923-7c59957c0417,The role of policy in steering technological change for low-carbon development: Case studies from the energy sector,August 2025,3
8d778df5-9aa6-46fe-9923-7c59957c0417,The role of policy in steering technological change for low-carbon development: Case studies from the energy sector,September 2025,0
